{
	"_version": "1.1.0",
	"resources": [
		{
			"name": ".theming",
			"theme": "sap_hcb"
		},
		{
			"name": "AbsoluteLayout.less",
			"designtime": true,
			"theme": "sap_hcb"
		},
		{
			"name": "Accordion.less",
			"designtime": true,
			"theme": "sap_hcb"
		},
		{
			"name": "AccordionSection.less",
			"designtime": true,
			"theme": "sap_hcb"
		},
		{
			"name": "ApplicationHeader.less",
			"designtime": true,
			"theme": "sap_hcb"
		},
		{
			"name": "AutoComplete.less",
			"designtime": true,
			"theme": "sap_hcb"
		},
		{
			"name": "BorderLayout.less",
			"designtime": true,
			"theme": "sap_hcb"
		},
		{
			"name": "Button.less",
			"designtime": true,
			"theme": "sap_hcb"
		},
		{
			"name": "Callout.less",
			"designtime": true,
			"theme": "sap_hcb"
		},
		{
			"name": "CalloutBase.less",
			"designtime": true,
			"theme": "sap_hcb"
		},
		{
			"name": "Carousel.less",
			"designtime": true,
			"theme": "sap_hcb"
		},
		{
			"name": "CheckBox.less",
			"designtime": true,
			"theme": "sap_hcb"
		},
		{
			"name": "ComboBox.less",
			"designtime": true,
			"theme": "sap_hcb"
		},
		{
			"name": "DatePicker.less",
			"designtime": true,
			"theme": "sap_hcb"
		},
		{
			"name": "Dialog.less",
			"designtime": true,
			"theme": "sap_hcb"
		},
		{
			"name": "DropdownBox.less",
			"designtime": true,
			"theme": "sap_hcb"
		},
		{
			"name": "FormattedTextView.less",
			"designtime": true,
			"theme": "sap_hcb"
		},
		{
			"name": "HorizontalDivider.less",
			"designtime": true,
			"theme": "sap_hcb"
		},
		{
			"name": "Image.less",
			"designtime": true,
			"theme": "sap_hcb"
		},
		{
			"name": "InPlaceEdit.less",
			"designtime": true,
			"theme": "sap_hcb"
		},
		{
			"name": "Label.less",
			"designtime": true,
			"theme": "sap_hcb"
		},
		{
			"name": "Link.less",
			"designtime": true,
			"theme": "sap_hcb"
		},
		{
			"name": "ListBox.less",
			"designtime": true,
			"theme": "sap_hcb"
		},
		{
			"name": "MenuBar.less",
			"designtime": true,
			"theme": "sap_hcb"
		},
		{
			"name": "MenuButton.less",
			"designtime": true,
			"theme": "sap_hcb"
		},
		{
			"name": "Message.less",
			"designtime": true,
			"theme": "sap_hcb"
		},
		{
			"name": "MessageBar.less",
			"designtime": true,
			"theme": "sap_hcb"
		},
		{
			"name": "MessageBox.less",
			"designtime": true,
			"theme": "sap_hcb"
		},
		{
			"name": "MessageList.less",
			"designtime": true,
			"theme": "sap_hcb"
		},
		{
			"name": "MessageToast.less",
			"designtime": true,
			"theme": "sap_hcb"
		},
		{
			"name": "Pagniator.less",
			"designtime": true,
			"theme": "sap_hcb"
		},
		{
			"name": "Panel.less",
			"designtime": true,
			"theme": "sap_hcb"
		},
		{
			"name": "ProgressIndicator.less",
			"designtime": true,
			"theme": "sap_hcb"
		},
		{
			"name": "RadioButton.less",
			"designtime": true,
			"theme": "sap_hcb"
		},
		{
			"name": "RadioButtonGroup.less",
			"designtime": true,
			"theme": "sap_hcb"
		},
		{
			"name": "RatingIndicator.less",
			"designtime": true,
			"theme": "sap_hcb"
		},
		{
			"name": "RichTooltip.less",
			"designtime": true,
			"theme": "sap_hcb"
		},
		{
			"name": "RoadMap.less",
			"designtime": true,
			"theme": "sap_hcb"
		},
		{
			"name": "RowRepeater.less",
			"designtime": true,
			"theme": "sap_hcb"
		},
		{
			"name": "SearchField.less",
			"designtime": true,
			"theme": "sap_hcb"
		},
		{
			"name": "SegmentedButton.less",
			"designtime": true,
			"theme": "sap_hcb"
		},
		{
			"name": "Slider.less",
			"designtime": true,
			"theme": "sap_hcb"
		},
		{
			"name": "Splitter.less",
			"designtime": true,
			"theme": "sap_hcb"
		},
		{
			"name": "TabStrip.less",
			"designtime": true,
			"theme": "sap_hcb"
		},
		{
			"name": "TextArea.less",
			"designtime": true,
			"theme": "sap_hcb"
		},
		{
			"name": "TextField.less",
			"designtime": true,
			"theme": "sap_hcb"
		},
		{
			"name": "TextView.less",
			"designtime": true,
			"theme": "sap_hcb"
		},
		{
			"name": "ToggleButton.less",
			"designtime": true,
			"theme": "sap_hcb"
		},
		{
			"name": "Toolbar.less",
			"designtime": true,
			"theme": "sap_hcb"
		},
		{
			"name": "Tree.less",
			"designtime": true,
			"theme": "sap_hcb"
		},
		{
			"name": "TriStateCheckBox.less",
			"designtime": true,
			"theme": "sap_hcb"
		},
		{
			"name": "ValueHelpField.less",
			"designtime": true,
			"theme": "sap_hcb"
		},
		{
			"name": "img-RTL/TriStateCheckBox.png",
			"theme": "sap_hcb"
		},
		{
			"name": "img-RTL/accordion/collapsed.gif",
			"theme": "sap_hcb"
		},
		{
			"name": "img-RTL/accordion/expanded.gif",
			"theme": "sap_hcb"
		},
		{
			"name": "img-RTL/applicationheader/SAPLogo.png",
			"theme": "sap_hcb"
		},
		{
			"name": "img-RTL/checkbox.png",
			"theme": "sap_hcb"
		},
		{
			"name": "img-RTL/datepicker/arrow_left.png",
			"theme": "sap_hcb"
		},
		{
			"name": "img-RTL/datepicker/arrow_right.png",
			"theme": "sap_hcb"
		},
		{
			"name": "img-RTL/formattedTextView/close-hcb-hover.png",
			"theme": "sap_hcb"
		},
		{
			"name": "img-RTL/formattedTextView/close-hcb.png",
			"theme": "sap_hcb"
		},
		{
			"name": "img-RTL/menu/bar-overflow.gif",
			"theme": "sap_hcb"
		},
		{
			"name": "img-RTL/menu/menuitem-sub-dis.gif",
			"theme": "sap_hcb"
		},
		{
			"name": "img-RTL/menu/menuitem-sub-hov.gif",
			"theme": "sap_hcb"
		},
		{
			"name": "img-RTL/menu/menuitem-sub.gif",
			"theme": "sap_hcb"
		},
		{
			"name": "img-RTL/menu/trg-dis.png",
			"theme": "sap_hcb"
		},
		{
			"name": "img-RTL/menu/trg.png",
			"theme": "sap_hcb"
		},
		{
			"name": "img-RTL/menubutton/Menu_Disabled.png",
			"theme": "sap_hcb"
		},
		{
			"name": "img-RTL/menubutton/Menu_Regular.png",
			"theme": "sap_hcb"
		},
		{
			"name": "img-RTL/messagebar/collapsed.gif",
			"theme": "sap_hcb"
		},
		{
			"name": "img-RTL/messagebar/collapsedRTL.gif",
			"theme": "sap_hcb"
		},
		{
			"name": "img-RTL/messagebar/expanded.gif",
			"theme": "sap_hcb"
		},
		{
			"name": "img-RTL/messagebar/toastarrow.gif",
			"theme": "sap_hcb"
		},
		{
			"name": "img-RTL/messagebox/32x32/error.png",
			"theme": "sap_hcb"
		},
		{
			"name": "img-RTL/messagebox/32x32/information.png",
			"theme": "sap_hcb"
		},
		{
			"name": "img-RTL/messagebox/32x32/question.png",
			"theme": "sap_hcb"
		},
		{
			"name": "img-RTL/messagebox/32x32/success.png",
			"theme": "sap_hcb"
		},
		{
			"name": "img-RTL/messagebox/32x32/warning.png",
			"theme": "sap_hcb"
		},
		{
			"name": "img-RTL/paginator/arrow_first.gif",
			"theme": "sap_hcb"
		},
		{
			"name": "img-RTL/paginator/arrow_last.gif",
			"theme": "sap_hcb"
		},
		{
			"name": "img-RTL/paginator/arrow_next.gif",
			"theme": "sap_hcb"
		},
		{
			"name": "img-RTL/paginator/arrow_previous.gif",
			"theme": "sap_hcb"
		},
		{
			"name": "img-RTL/panel/collapsed.gif",
			"theme": "sap_hcb"
		},
		{
			"name": "img-RTL/panel/expanded.gif",
			"theme": "sap_hcb"
		},
		{
			"name": "img-RTL/panel/maximize.png",
			"theme": "sap_hcb"
		},
		{
			"name": "img-RTL/panel/minimize.png",
			"theme": "sap_hcb"
		},
		{
			"name": "img-RTL/radio.png",
			"theme": "sap_hcb"
		},
		{
			"name": "img-RTL/rating/star_hover.png",
			"theme": "sap_hcb"
		},
		{
			"name": "img-RTL/rating/star_selected.png",
			"theme": "sap_hcb"
		},
		{
			"name": "img-RTL/rating/star_unselected.png",
			"theme": "sap_hcb"
		},
		{
			"name": "img-RTL/roadmap/endpoint.gif",
			"theme": "sap_hcb"
		},
		{
			"name": "img-RTL/roadmap/moreafter.gif",
			"theme": "sap_hcb"
		},
		{
			"name": "img-RTL/roadmap/morebefore.gif",
			"theme": "sap_hcb"
		},
		{
			"name": "img-RTL/roadmap/roundtrip.gif",
			"theme": "sap_hcb"
		},
		{
			"name": "img-RTL/roadmap/roundtrip_dsbl.gif",
			"theme": "sap_hcb"
		},
		{
			"name": "img-RTL/roadmap/roundtrip_end.gif",
			"theme": "sap_hcb"
		},
		{
			"name": "img-RTL/roadmap/roundtrip_end_dsbl.gif",
			"theme": "sap_hcb"
		},
		{
			"name": "img-RTL/roadmap/roundtrip_start.gif",
			"theme": "sap_hcb"
		},
		{
			"name": "img-RTL/roadmap/roundtrip_start_dsbl.gif",
			"theme": "sap_hcb"
		},
		{
			"name": "img-RTL/roadmap/startpoint.gif",
			"theme": "sap_hcb"
		},
		{
			"name": "img-RTL/search/clear.gif",
			"theme": "sap_hcb"
		},
		{
			"name": "img-RTL/search/search.png",
			"theme": "sap_hcb"
		},
		{
			"name": "img-RTL/slider/grip.png",
			"theme": "sap_hcb"
		},
		{
			"name": "img-RTL/slider/grip_disabled.png",
			"theme": "sap_hcb"
		},
		{
			"name": "img-RTL/slider/grip_disabled_v.png",
			"theme": "sap_hcb"
		},
		{
			"name": "img-RTL/slider/grip_hover.png",
			"theme": "sap_hcb"
		},
		{
			"name": "img-RTL/slider/grip_hover_v.png",
			"theme": "sap_hcb"
		},
		{
			"name": "img-RTL/slider/grip_v.png",
			"theme": "sap_hcb"
		},
		{
			"name": "img-RTL/splitter/resize_horizontal.png",
			"theme": "sap_hcb"
		},
		{
			"name": "img-RTL/splitter/resize_vertical.png",
			"theme": "sap_hcb"
		},
		{
			"name": "img-RTL/splitter/splitter_horiz_grip.png",
			"theme": "sap_hcb"
		},
		{
			"name": "img-RTL/splitter/splitter_vert_grip.png",
			"theme": "sap_hcb"
		},
		{
			"name": "img-RTL/tabstrip/tab-bar.png",
			"theme": "sap_hcb"
		},
		{
			"name": "img-RTL/tabstrip/tab-close-hov.gif",
			"theme": "sap_hcb"
		},
		{
			"name": "img-RTL/tabstrip/tab-close.gif",
			"theme": "sap_hcb"
		},
		{
			"name": "img-RTL/tabstrip/tab-first-ie.png",
			"theme": "sap_hcb"
		},
		{
			"name": "img-RTL/tabstrip/tab-first-sel-ie.png",
			"theme": "sap_hcb"
		},
		{
			"name": "img-RTL/tabstrip/tab-ie.png",
			"theme": "sap_hcb"
		},
		{
			"name": "img-RTL/tabstrip/tab-left-first-sel.png",
			"theme": "sap_hcb"
		},
		{
			"name": "img-RTL/tabstrip/tab-left-first.png",
			"theme": "sap_hcb"
		},
		{
			"name": "img-RTL/tabstrip/tab-left-sel.png",
			"theme": "sap_hcb"
		},
		{
			"name": "img-RTL/tabstrip/tab-left.png",
			"theme": "sap_hcb"
		},
		{
			"name": "img-RTL/tabstrip/tab-menu.png",
			"theme": "sap_hcb"
		},
		{
			"name": "img-RTL/tabstrip/tab-right-beforeSel.png",
			"theme": "sap_hcb"
		},
		{
			"name": "img-RTL/tabstrip/tab-right-sel.png",
			"theme": "sap_hcb"
		},
		{
			"name": "img-RTL/tabstrip/tab-right.png",
			"theme": "sap_hcb"
		},
		{
			"name": "img-RTL/tabstrip/tab-sel.png",
			"theme": "sap_hcb"
		},
		{
			"name": "img-RTL/tabstrip/tab.png",
			"theme": "sap_hcb"
		},
		{
			"name": "img-RTL/toggleButton/arrow_down_hover.png",
			"theme": "sap_hcb"
		},
		{
			"name": "img-RTL/toggleButton/arrow_left_hover.png",
			"theme": "sap_hcb"
		},
		{
			"name": "img-RTL/toggleButton/arrow_right_hover.png",
			"theme": "sap_hcb"
		},
		{
			"name": "img-RTL/toolbar/arrow.gif",
			"theme": "sap_hcb"
		},
		{
			"name": "img-RTL/tree/CollapseAll.png",
			"theme": "sap_hcb"
		},
		{
			"name": "img-RTL/tree/ExpandAll.png",
			"theme": "sap_hcb"
		},
		{
			"name": "img-RTL/tree/TreeNode.gif",
			"theme": "sap_hcb"
		},
		{
			"name": "img-RTL/tree/TreeNode_Coll.gif",
			"theme": "sap_hcb"
		},
		{
			"name": "img-RTL/tree/TreeNode_Exp.gif",
			"theme": "sap_hcb"
		},
		{
			"name": "img-RTL/valuehelpfield/F4-Help_icon_dsbl.png",
			"theme": "sap_hcb"
		},
		{
			"name": "img-RTL/valuehelpfield/F4-Help_icon_hover.png",
			"theme": "sap_hcb"
		},
		{
			"name": "img-RTL/valuehelpfield/F4-Help_icon_regular.png",
			"theme": "sap_hcb"
		},
		{
			"name": "img/TriStateCheckBox.png",
			"theme": "sap_hcb"
		},
		{
			"name": "img/accordion/collapsed.gif",
			"theme": "sap_hcb"
		},
		{
			"name": "img/accordion/expanded.gif",
			"theme": "sap_hcb"
		},
		{
			"name": "img/applicationheader/SAPLogo.png",
			"theme": "sap_hcb"
		},
		{
			"name": "img/checkbox.png",
			"theme": "sap_hcb"
		},
		{
			"name": "img/datepicker/arrow_left.png",
			"theme": "sap_hcb"
		},
		{
			"name": "img/datepicker/arrow_right.png",
			"theme": "sap_hcb"
		},
		{
			"name": "img/formattedTextView/close-hcb-hover.png",
			"theme": "sap_hcb"
		},
		{
			"name": "img/formattedTextView/close-hcb.png",
			"theme": "sap_hcb"
		},
		{
			"name": "img/menu/bar-overflow.gif",
			"theme": "sap_hcb"
		},
		{
			"name": "img/menu/menuitem-sub-dis.gif",
			"theme": "sap_hcb"
		},
		{
			"name": "img/menu/menuitem-sub-hov.gif",
			"theme": "sap_hcb"
		},
		{
			"name": "img/menu/menuitem-sub.gif",
			"theme": "sap_hcb"
		},
		{
			"name": "img/menu/trg-dis.png",
			"theme": "sap_hcb"
		},
		{
			"name": "img/menu/trg.png",
			"theme": "sap_hcb"
		},
		{
			"name": "img/menubutton/Menu_Disabled.png",
			"theme": "sap_hcb"
		},
		{
			"name": "img/menubutton/Menu_Regular.png",
			"theme": "sap_hcb"
		},
		{
			"name": "img/messagebar/collapsed.gif",
			"theme": "sap_hcb"
		},
		{
			"name": "img/messagebar/collapsedRTL.gif",
			"theme": "sap_hcb"
		},
		{
			"name": "img/messagebar/expanded.gif",
			"theme": "sap_hcb"
		},
		{
			"name": "img/messagebar/toastarrow.gif",
			"theme": "sap_hcb"
		},
		{
			"name": "img/messagebox/32x32/error.png",
			"theme": "sap_hcb"
		},
		{
			"name": "img/messagebox/32x32/information.png",
			"theme": "sap_hcb"
		},
		{
			"name": "img/messagebox/32x32/question.png",
			"theme": "sap_hcb"
		},
		{
			"name": "img/messagebox/32x32/success.png",
			"theme": "sap_hcb"
		},
		{
			"name": "img/messagebox/32x32/warning.png",
			"theme": "sap_hcb"
		},
		{
			"name": "img/paginator/arrow_first.gif",
			"theme": "sap_hcb"
		},
		{
			"name": "img/paginator/arrow_last.gif",
			"theme": "sap_hcb"
		},
		{
			"name": "img/paginator/arrow_next.gif",
			"theme": "sap_hcb"
		},
		{
			"name": "img/paginator/arrow_previous.gif",
			"theme": "sap_hcb"
		},
		{
			"name": "img/panel/collapsed.gif",
			"theme": "sap_hcb"
		},
		{
			"name": "img/panel/expanded.gif",
			"theme": "sap_hcb"
		},
		{
			"name": "img/panel/maximize.png",
			"theme": "sap_hcb"
		},
		{
			"name": "img/panel/minimize.png",
			"theme": "sap_hcb"
		},
		{
			"name": "img/radio.png",
			"theme": "sap_hcb"
		},
		{
			"name": "img/rating/star_hover.png",
			"theme": "sap_hcb"
		},
		{
			"name": "img/rating/star_selected.png",
			"theme": "sap_hcb"
		},
		{
			"name": "img/rating/star_unselected.png",
			"theme": "sap_hcb"
		},
		{
			"name": "img/roadmap/endpoint.gif",
			"theme": "sap_hcb"
		},
		{
			"name": "img/roadmap/moreafter.gif",
			"theme": "sap_hcb"
		},
		{
			"name": "img/roadmap/morebefore.gif",
			"theme": "sap_hcb"
		},
		{
			"name": "img/roadmap/roundtrip.gif",
			"theme": "sap_hcb"
		},
		{
			"name": "img/roadmap/roundtrip_dsbl.gif",
			"theme": "sap_hcb"
		},
		{
			"name": "img/roadmap/roundtrip_end.gif",
			"theme": "sap_hcb"
		},
		{
			"name": "img/roadmap/roundtrip_end_dsbl.gif",
			"theme": "sap_hcb"
		},
		{
			"name": "img/roadmap/roundtrip_start.gif",
			"theme": "sap_hcb"
		},
		{
			"name": "img/roadmap/roundtrip_start_dsbl.gif",
			"theme": "sap_hcb"
		},
		{
			"name": "img/roadmap/startpoint.gif",
			"theme": "sap_hcb"
		},
		{
			"name": "img/search/clear.gif",
			"theme": "sap_hcb"
		},
		{
			"name": "img/search/search.png",
			"theme": "sap_hcb"
		},
		{
			"name": "img/slider/grip.png",
			"theme": "sap_hcb"
		},
		{
			"name": "img/slider/grip_disabled.png",
			"theme": "sap_hcb"
		},
		{
			"name": "img/slider/grip_disabled_v.png",
			"theme": "sap_hcb"
		},
		{
			"name": "img/slider/grip_hover.png",
			"theme": "sap_hcb"
		},
		{
			"name": "img/slider/grip_hover_v.png",
			"theme": "sap_hcb"
		},
		{
			"name": "img/slider/grip_v.png",
			"theme": "sap_hcb"
		},
		{
			"name": "img/splitter/resize_horizontal.png",
			"theme": "sap_hcb"
		},
		{
			"name": "img/splitter/resize_vertical.png",
			"theme": "sap_hcb"
		},
		{
			"name": "img/splitter/splitter_horiz_grip.png",
			"theme": "sap_hcb"
		},
		{
			"name": "img/splitter/splitter_vert_grip.png",
			"theme": "sap_hcb"
		},
		{
			"name": "img/tabstrip/tab-bar.png",
			"theme": "sap_hcb"
		},
		{
			"name": "img/tabstrip/tab-close-hov.gif",
			"theme": "sap_hcb"
		},
		{
			"name": "img/tabstrip/tab-close.gif",
			"theme": "sap_hcb"
		},
		{
			"name": "img/tabstrip/tab-first-ie.png",
			"theme": "sap_hcb"
		},
		{
			"name": "img/tabstrip/tab-first-sel-ie.png",
			"theme": "sap_hcb"
		},
		{
			"name": "img/tabstrip/tab-ie.png",
			"theme": "sap_hcb"
		},
		{
			"name": "img/tabstrip/tab-left-first-sel.png",
			"theme": "sap_hcb"
		},
		{
			"name": "img/tabstrip/tab-left-first.png",
			"theme": "sap_hcb"
		},
		{
			"name": "img/tabstrip/tab-left-sel.png",
			"theme": "sap_hcb"
		},
		{
			"name": "img/tabstrip/tab-left.png",
			"theme": "sap_hcb"
		},
		{
			"name": "img/tabstrip/tab-menu.png",
			"theme": "sap_hcb"
		},
		{
			"name": "img/tabstrip/tab-right-beforeSel.png",
			"theme": "sap_hcb"
		},
		{
			"name": "img/tabstrip/tab-right-sel.png",
			"theme": "sap_hcb"
		},
		{
			"name": "img/tabstrip/tab-right.png",
			"theme": "sap_hcb"
		},
		{
			"name": "img/tabstrip/tab-sel.png",
			"theme": "sap_hcb"
		},
		{
			"name": "img/tabstrip/tab.png",
			"theme": "sap_hcb"
		},
		{
			"name": "img/toggleButton/arrow_down_hover.png",
			"theme": "sap_hcb"
		},
		{
			"name": "img/toggleButton/arrow_left_hover.png",
			"theme": "sap_hcb"
		},
		{
			"name": "img/toggleButton/arrow_right_hover.png",
			"theme": "sap_hcb"
		},
		{
			"name": "img/toolbar/arrow.gif",
			"theme": "sap_hcb"
		},
		{
			"name": "img/tree/CollapseAll.png",
			"theme": "sap_hcb"
		},
		{
			"name": "img/tree/ExpandAll.png",
			"theme": "sap_hcb"
		},
		{
			"name": "img/tree/TreeNode.gif",
			"theme": "sap_hcb"
		},
		{
			"name": "img/tree/TreeNode_Coll.gif",
			"theme": "sap_hcb"
		},
		{
			"name": "img/tree/TreeNode_Exp.gif",
			"theme": "sap_hcb"
		},
		{
			"name": "img/valuehelpfield/F4-Help_icon_dsbl.png",
			"theme": "sap_hcb"
		},
		{
			"name": "img/valuehelpfield/F4-Help_icon_hover.png",
			"theme": "sap_hcb"
		},
		{
			"name": "img/valuehelpfield/F4-Help_icon_regular.png",
			"theme": "sap_hcb"
		},
		{
			"name": "layout.less",
			"designtime": true,
			"theme": "sap_hcb"
		},
		{
			"name": "library-RTL-dbg.css",
			"isDebug": true,
			"theme": "sap_hcb"
		},
		{
			"name": "library-RTL.css",
			"theme": "sap_hcb"
		},
		{
			"name": "library-dbg.css",
			"isDebug": true,
			"theme": "sap_hcb"
		},
		{
			"name": "library-parameters.json",
			"theme": "sap_hcb"
		},
		{
			"name": "library.css",
			"theme": "sap_hcb"
		},
		{
			"name": "library.less",
			"designtime": true,
			"theme": "sap_hcb"
		},
		{
			"name": "library.source.less",
			"designtime": true,
			"theme": "sap_hcb"
		},
		{
			"name": "shared.less",
			"designtime": true,
			"theme": "sap_hcb"
		}
	]
}